{"cameraMode":{"drawMode":0,"name":"Shaded","section":"Shading Mode"},"sceneLighting":true,"audioPlay":false,"sceneViewState":{"showFog":true,"showMaterialUpdate":false,"showSkybox":true,"showFlares":true,"showImageEffects":true,"showParticleSystems":true},"in2DMode":false,"pivot":{"x":-2.3158912658691408,"y":0.4291260838508606,"z":9.077567100524903},"rotation":{"x":0.0002801468363031745,"y":0.9997153878211975,"z":-0.015306628309190274,"w":0.018298063427209855},"size":3.8002359867095949,"orthographic":false}